tRF_id	gene	target_position	folding_energy_kcal	p_value	heteroduplex
tRF-26-SP58309MUKD	MET	1768	-13.5	0.00186	TCAGAGGGTCGCTTCATGCAGGTTGTGGT      :|  |:||:   ||  :|: ||:  CGGAATCTGGTGAG--CCG-GTAGGACTG
tRF-24-7W1R7HFEE2	MET	680	-15.0	0.00187	GTTTCCCATGTCA-GGACTGCAGC            || |||||:||:| ACCATAAGAGCGTGCCTGATGTTG
tRF-24-6VR8K09LE9	MET	6112	-17.3	0.00234	GTTAGGCCACAAAAACACTGCACT      :||||     |||:|| |: CGGAATGGTGAACCGGTGGCGCGG
tRF-29-Q1Q89P9L84FS	MET	5117	-18.2	0.00816	GTTGC-CAGGGCTGTAGTGC-AGTGGTGT  ||||     :|  : :  | ||:||:|  GAACGTACTATGGTGATGTGGTCGCCGCG
tRF-21-7O58J0K8E	CDKN2A	739	-15.5	0.00869	ACCG-CTTCTGCC-TTTTCAC ||||  :|||||| |:|| || TGGCCCGAGACGGTAGAATTG
tRF-30-FP18LPMBQ4NK	CDKN2A	733	-24.5	0.00869	AAAAACACCGCTTCTGCCTTTTCACTGTGTT      ||| |||||:||    :|||| ||:| GGGTCGTG-CGAAGGCGACGCGGTGAGACGA
tRF-26-SP58309MUKD	CDKN2A	732	-13.1	0.00869	GAAAAACACCGCTTCTGCC-TTTTCAC        |||:||:  ||| |::| || CGGAATCTGGTGAG-CCGGTAGGACTG
tRF-30-R9JP9P9NH5SY	MET	3698	-19.2	0.0167	ATGGCAAGAAAATTCACTGTGCTGTGAAATC   |:|  || ||: ||||:  ||:|| ||:| GTCTGCACTATTG-GTGATGTGATACCTTGG
tRF-26-R9JP9P9NH50	MET	3703	-17.1	0.0167	AAGAAAATTCACTGTGCTGTGAAATC         :||||:  ||:|| ||:| GCACTATTGGTGATGTGATACCTTGG
tRF-30-R9JP9PMNH5SY	MET	3698	-15.3	0.0167	ATGGCAAGAAAATTCACTGTGCTGTGAAATC   |:|  || ||: | ||:  ||:|| ||:| GTCTGCACTATTG-GCGATGTGATACCTTGG
tRF-26-RPM8309MUKD	MET	4105	-13.2	0.0188	GTACACAACAAAAC-AGGTGCAAAGCTGCC |:     ||   ||  ||: ||  |||:|| CGGAATCTG--GTGAGCCG-GT-GCGATGG
tRF-23-79MP9PMNDD	MET	5806	-13.3	0.0265	CCACCTCGCAAGCA-ATTGGAAAC      :|||  :||   :|||||| CTATTGGCG-ATGTGATGCCTTTG
tRF-30-79MP9PMNH5IS	MET	5799	-13.3	0.0265	CAGGTTCCCACCTCGCAAGCA-ATTGGAAAC             :|||  :||   :|||||| GCTTACACTATTGGCG-ATGTGATGCCTTTG
tRF-25-79MP9P9MH5	MET	520	-19.0	0.0356	CAGCTTCCCAACTTCACCGCGGAAAC        ||| || |||  ||||||| CACTACTGGT-GATGTGATGCCTTTG
tRF-30-79MP9P9MH57S	MET	515	-19.0	0.0356	AGTATCAGCTTCCCAACTTCACCGCGGAAAC             ||| || |||  ||||||| GCTTGCACTACTGGT-GATGTGATGCCTTTG
tRF-23-79MP9P9MDD	MET	522	-19.0	0.0356	GCTTCCCAACTTCACCGCGGAAAC      ||| || |||  ||||||| CTACTGGT-GATGTGATGCCTTTG
tRF-26-79MP9P9MH50	MET	519	-19.0	0.0356	TCAGCTTCCCAACTTCACCGCGGAAAC         ||| || |||  ||||||| GCACTACTGGT-GATGTGATGCCTTTG
tRF-24-6VR8K09LE9	CDKN2A	577	-23.2	0.0418	GCCCCCGCCAC-AACCCACCCCGCT |||   :||||    ||||| |||  CGG-AATGGTGAACCGGTGGCGCGG
