tRF_id	gene	transcript	target_position	folding_energy_kcal	p_value	heteroduplex
tRF-21-7O58J0K8E	CDKN2A	CDKN2A_ENST00000304494	739	-15.5	0.00869	ACCG-CTTCTGCC-TTTTCAC ||||  :|||||| |:|| || TGGCCCGAGACGGTAGAATTG
tRF-24-6VR8K09LE9	CDKN2A	CDKN2A_ENST00000304494	577	-23.2	0.0418	GCCCCCGCCAC-AACCCACCCCGCT |||   :||||    ||||| |||  CGG-AATGGTGAACCGGTGGCGCGG
tRF-26-SP58309MUKD	CDKN2A	CDKN2A_ENST00000304494	732	-13.1	0.00869	GAAAAACACCGCTTCTGCC-TTTTCAC        |||:||:  ||| |::| || CGGAATCTGGTGAG-CCGGTAGGACTG
tRF-30-FP18LPMBQ4NK	CDKN2A	CDKN2A_ENST00000304494	733	-24.5	0.00869	AAAAACACCGCTTCTGCCTTTTCACTGTGTT      ||| |||||:||    :|||| ||:| GGGTCGTG-CGAAGGCGACGCGGTGAGACGA
tRF-23-79MP9P9MDD	MET	MET_ENST00000397752	522	-19.0	0.0356	GCTTCCCAACTTCACCGCGGAAAC      ||| || |||  ||||||| CTACTGGT-GATGTGATGCCTTTG
tRF-23-79MP9P9MDD	MET	MET_ENST00000397752	6498	-12.8	0.045	AAAGAAAATCTGCTCTGTGGAAAG    ||    ||:| ||::|||||  CTACT-GGTGATGTGATGCCTTTG
tRF-23-79MP9PMNDD	MET	MET_ENST00000397752	5806	-13.3	0.0265	CCACCTCGCAAGCA-ATTGGAAAC      :|||  :||   :|||||| CTATTGGCG-ATGTGATGCCTTTG
tRF-23-79MP9PMNDD	MET	MET_ENST00000397752	522	-16.2	0.0356	GCTTCCCAACTTCACCGCGGAAAC      ||  || |||  ||||||| CTATTGG-CGATGTGATGCCTTTG
tRF-23-79MP9PMNDD	MET	MET_ENST00000397752	6499	-12.0	0.045	AAGAAAATCTGCTCTGTGGAAAG         ||:| ||::|||||  CTATTGGCGATGTGATGCCTTTG
tRF-24-6VR8K09LE9	MET	MET_ENST00000397752	6112	-17.3	0.00234	GTTAGGCCACAAAAACACTGCACT      :||||     |||:|| |: CGGAATGGTGAACCGGTGGCGCGG
tRF-24-6VR8K09LE9	MET	MET_ENST00000397752	5334	-25.4	0.00413	GATTACAGGCATGAGCCACTGCGCC         :| || |||||:||||| CGGAATGGTGAAC-CGGTGGCGCGG
tRF-24-7W1R7HFEE2	MET	MET_ENST00000397752	680	-15.0	0.00187	GTTTCCCATGTCA-GGACTGCAGC            || |||||:||:| ACCATAAGAGCGTGCCTGATGTTG
tRF-24-7W1R7HFEE2	MET	MET_ENST00000397752	1936	-14.7	0.0365	CCATTGAATGGCTTGGGCTGCAGA           || :||:||:||:  ACCATAAGAGCGTGCCTGATGTTG
tRF-25-79MP9P9MH5	MET	MET_ENST00000397752	520	-19.0	0.0356	CAGCTTCCCAACTTCACCGCGGAAAC        ||| || |||  ||||||| CACTACTGGT-GATGTGATGCCTTTG
tRF-25-79MP9P9MH5	MET	MET_ENST00000397752	6496	-12.8	0.045	CAAAAGAAAATCTGCTCTGTGGAAAG      ||    ||:| ||::|||||  CACTACT-GGTGATGTGATGCCTTTG
tRF-26-79MP9P9MH50	MET	MET_ENST00000397752	519	-19.0	0.0356	TCAGCTTCCCAACTTCACCGCGGAAAC         ||| || |||  ||||||| GCACTACTGGT-GATGTGATGCCTTTG
tRF-26-79MP9P9MH50	MET	MET_ENST00000397752	6495	-12.8	0.045	ACAAAAGAAAATCTGCTCTGTGGAAAG       ||    ||:| ||::|||||  GCACTACT-GGTGATGTGATGCCTTTG
tRF-26-R9JP9P9NH50	MET	MET_ENST00000397752	3703	-17.1	0.0167	AAGAAAATTCACTGTGCTGTGAAATC         :||||:  ||:|| ||:| GCACTATTGGTGATGTGATACCTTGG
tRF-26-RPM8309MUKD	MET	MET_ENST00000397752	4105	-13.2	0.0188	GTACACAACAAAAC-AGGTGCAAAGCTGCC |:     ||   ||  ||: ||  |||:|| CGGAATCTG--GTGAGCCG-GT-GCGATGG
tRF-26-SP58309MUKD	MET	MET_ENST00000397752	1768	-13.5	0.00186	TCAGAGGGTCGCTTCATGCAGGTTGTGGT      :|  |:||:   ||  :|: ||:  CGGAATCTGGTGAG--CCG-GTAGGACTG
tRF-29-Q1Q89P9L84FS	MET	MET_ENST00000397752	5117	-18.2	0.00816	GTTGC-CAGGGCTGTAGTGC-AGTGGTGT  ||||     :|  : :  | ||:||:|  GAACGTACTATGGTGATGTGGTCGCCGCG
tRF-30-79MP9P9MH57S	MET	MET_ENST00000397752	515	-19.0	0.0356	AGTATCAGCTTCCCAACTTCACCGCGGAAAC             ||| || |||  ||||||| GCTTGCACTACTGGT-GATGTGATGCCTTTG
tRF-30-79MP9P9MH57S	MET	MET_ENST00000397752	6492	-12.9	0.045	ATGAC-AAAAGAAAATCTGCTCTGTGGAAAG   :||     ||    ||:| ||::|||||  GCTTGCACTACT-GGTGATGTGATGCCTTTG
tRF-30-79MP9PMNH5IS	MET	MET_ENST00000397752	5799	-13.3	0.0265	CAGGTTCCCACCTCGCAAGCA-ATTGGAAAC             :|||  :||   :|||||| GCTTACACTATTGGCG-ATGTGATGCCTTTG
tRF-30-79MP9PMNH5IS	MET	MET_ENST00000397752	515	-16.2	0.0356	AGTATCAGCTTCCCAACTTCACCGCGGAAAC             ||  || |||  ||||||| GCTTACACTATTGG-CGATGTGATGCCTTTG
tRF-30-79MP9PMNH5IS	MET	MET_ENST00000397752	6492	-12.0	0.045	ATGACAAAAGAAAATCTGCTCTGTGGAAAG                ||:| ||::|||||  GCTTACACTATTGGCGATGTGATGCCTTTG
tRF-30-R9JP9P9NH5SY	MET	MET_ENST00000397752	3698	-19.2	0.0167	ATGGCAAGAAAATTCACTGTGCTGTGAAATC   |:|  || ||: ||||:  ||:|| ||:| GTCTGCACTATTG-GTGATGTGATACCTTGG
tRF-30-R9JP9PMNH5SY	MET	MET_ENST00000397752	3698	-15.3	0.0167	ATGGCAAGAAAATTCACTGTGCTGTGAAATC   |:|  || ||: | ||:  ||:|| ||:| GTCTGCACTATTG-GCGATGTGATACCTTGG
